Optimal Values,Estimated Covariance
0.13940108761297293,0.00210126684627697
1.0027930919481822,0.00024926546498459177
0.01683012608953045,0.005052645808644205
