Optimal Values,Estimated Covariance
0.14794430013444826,0.002265482845642131
1.0032343445440308,0.0002834678902484775
0.019447917382038125,0.005765683956876946
