Optimal Values,Estimated Covariance
1351.3533746318667,444.8135316180065
1.0001454635674634,0.0005944415284176749
-0.0034180077817457977,0.0035882484131643513
