popt,pcov_diag
0.14240872332563176,0.000846647247779424
1.0026995868078146,0.0002046519406491527
0.009262492759866937,0.0020123260505810103
449.2913045511008,135.41608626943403
255.01469049171294,74.85939038234852
5.8292985529600415e-09,30.22155882571161
1.1976751388332523,13.68056102768162
