popt,pcov_diag
0.14140414383178654,0.0008449032689946301
1.0024991012057012,0.00020248923451563752
0.012922283756872653,0.00199122153308154
303.69642195067667,134.0212153895487
2.2618194234875712e-13,70.1902203139342
17.1114777080398,29.92295833399652
57.69535499499748,16.642057150632873
