popt,pcov_diag
1137.5104220747635,232.64168429215815
0.9994423078626798,0.00034376113222362494
0.0023779659744424374,0.0016150422661822337
312.74118281826986,92.758387801819
254.10005478844243,61.12244660575705
