popt,pcov_diag
0.13770101521738418,0.0017724949675703928
1.0027923348922618,0.0003256449652316302
0.007188579217248126,0.0036657211649766992
398.55219695916173,120.7752559594389
254.0355077283891,70.02816836871895
