popt,pcov_diag
1450.010310223022,213.86755621501388
0.9983916392638725,0.0003020357206584116
0.010144772036721088,0.0014924049675582053
-8.659471115181013,83.52907508977783
229.29406609484587,46.80715567457097
