popt,pcov_diag
882.5689354412231,546.9130923138126
1.0008839738786246,0.000838010256512599
0.00406777443602896,0.0041411725523946355
408.82267400964514,162.9632081084675
-695.5000579213142,117.89011701675777
