popt,pcov_diag
1627.0671408445805,284.12551341219313
0.9985491358502018,0.00039037246632399054
0.010016895944821098,0.0019105039959167185
-102.95000367671749,101.84609583871939
253.3791898061316,58.31448372890007
