popt,pcov_diag
440.5495678264049,inf
1.000433595615086,inf
-0.0036642013190646906,inf
-173.32230996577744,inf
1897.1497466304754,inf
