popt,pcov_diag
0.14488125348559636,0.0013862768690918975
1.0031269989913894,0.00026743741144658447
0.01412004537793965,0.003004691459949542
275.30870650351983,105.16778518275929
145.84656012459934,57.360229896270624
