popt,pcov_diag
1094.6186174430063,195.3836644260555
0.9999231871634492,0.0002809950006104869
-0.0006748269160467637,0.0013347499489306824
295.32284501205555,83.77047120581177
206.11287894451124,48.31914062551572
