popt,pcov_diag
987.5442998146126,250.80874160142656
0.999751519322697,0.00036107420962446147
0.0005696321546444104,0.0017189199522367614
290.44620721606066,108.3909328779784
184.42985993685343,62.216841215124894
