popt,pcov_diag
0.1443702417624466,0.001298557766074214
1.0035053049032954,0.00024526270569985874
0.015052145487666833,0.0027799220777614203
325.8657107167664,103.62314818683036
-21.69138118506075,56.57700773118177
