popt,pcov_diag
676.21220657434,403.638843838183
0.9993030344916479,0.0005140173422769222
0.00707511962023423,0.0026819541630632403
-579.5285676489368,126.43642905365583
37.19333360125167,64.03149609760582
