popt,pcov_diag
667.8358387580308,827.0105058640678
0.9987643486280343,0.0010589360095062173
0.029142914160205136,0.005393269602694657
-425.1065933085648,231.7390648287798
-822.6855005844693,139.07137915339882
