popt,pcov_diag
0.1431449153395083,0.002871343802034104
1.0055733337390913,0.0006022270377723217
0.036121046899258394,0.0064524303684834585
63.28512649283982,167.26625943990254
-610.9000514071863,114.23442662928055
