popt,pcov_diag
0.14422921843144781,0.00140996837989246
1.003408312401077,0.0007250216583246661
0.012464116936760526,0.004615011522729848
142.63160897193143,344.2704500790683
2.5922226463529448e-08,141.2082493127105
3.472337715316675e-11,36.48312116334517
8.845763855686053,17.29029890212012
