popt,pcov_diag
1349.5903146609446,inf
0.9991644964465147,inf
0.002315794885360613,inf
73.24598180329185,inf
1222.4282557169659,inf
