popt,pcov_diag
1627.3343319891326,284.1250532480595
0.9985486903067272,0.0003903699625831809
0.010019041614778781,0.0019104916060439783
-102.89349335067337,101.84405107510686
253.37415089219377,58.314930257769305
