popt,pcov_diag
0.1457813384130475,0.001366696343894608
1.0036281788707233,0.00026363582999927625
0.009143964571713474,0.0029695440760727633
16.855726121711257,107.33494878522859
117.63016051095319,58.61799757376642
