popt,pcov_diag
715.3564002218073,377.494883449763
0.9997919526539111,0.0005248089007035004
0.0005523504546672097,0.003055970882223848
278.7621502511014,105.45375006339464
336.33960841624315,327.4489624254603
