popt,pcov_diag
656.7764839698349,253.26660611308208
1.000065060031292,0.00033826702774866795
0.0007270456082484919,0.0016746299790323228
-142.59220295243122,96.65766741989513
184.96556793191579,54.24048479746457
