popt,pcov_diag
1365.753766093315,251.78339290159082
0.998762478251145,0.00033375559182743426
0.007758686097047706,0.0016202615100156977
-411.9688072466722,99.58981531656194
258.79690227940955,77.24818621818409
