popt,pcov_diag
1030.122190074335,inf
0.9990152971602589,inf
0.0036766782658824923,inf
116.59212527568873,inf
1653.2394030037815,inf
