popt,pcov_diag
1063.6951126091978,209.057403308099
0.9994892038467803,0.00031610866462626066
0.0015830949922823402,0.0014877638628481426
391.62042041541923,90.1013447774781
299.09290977010585,130.3196244082601
