popt,pcov_diag
1165.4679270655872,362.67662785174554
0.9986739680023655,0.0004832429316877505
0.008656936724300322,0.0025042640399147156
-33.469146609577145,101.15361716408974
152.37919780353857,56.08564877144025
