popt,pcov_diag
0.14488133268245137,0.0013862733944524945
1.0031269863455299,0.0002674366574487222
0.014120223275570247,0.003004687758367269
275.31335990996286,105.16760836966674
145.8459548456428,57.36007218118672
