popt,pcov_diag
1701.880217097152,inf
0.9994918566799993,inf
-0.0009743738334605113,inf
-13.04672358801952,inf
1369.6059555664422,inf
