popt,pcov_diag
1452.5561193868195,280.21670068765275
0.999581059567683,0.0003818067614281759
0.002392670084218183,0.0018500909553202816
-151.11901455303988,100.73115376622326
257.2099119146813,65.85397749366679
