popt,pcov_diag
574.7320902906708,212.62673243533246
1.0000029617166108,0.00030348243280278807
0.00031328061597613613,0.001446777201820106
593.5812751339333,93.0501444570285
204.61483036520318,53.512543433877205
