popt,pcov_diag
0.14443125059693052,0.0018901439055487045
1.0029517804735022,0.0003607136478695809
0.016124366884680035,0.0040654162388956815
459.9915032839308,146.16750420242167
84.14188647559183,79.74275457341383
