popt,pcov_diag
1137.5046265712306,232.6424290354112
0.9994423048327687,0.0003437608834951872
0.0023780111656608247,0.0016150563233309704
312.7447174208109,92.75869108512084
254.10036297348773,61.12242551747273
