popt,pcov_diag
0.1382046930979974,0.0007039503995477854
1.0035943057959689,0.00015353025108114923
-32.2907735660586,95.27707478909922
130.92035641929783,55.71273635523341
