popt,pcov_diag
211.95570272052294,221.67203855583077
1.0003483639530744,0.00019583942653181955
-30.903078506511896,99.89211370614093
218.7335519697944,61.119028582356655
