popt,pcov_diag
1113.9325464440735,217.58592090756645
0.9995404040816372,0.00024355832138352862
362.0850409876599,90.41895347617489
362.4540879523851,200.44244316487894
