popt,pcov_diag
0.13676914180637972,0.0008667028291851917
1.0032741390713802,0.00019213647098466498
225.02975007202681,112.84523423783138
184.88216814061985,66.97849865651376
