popt,pcov_diag
0.1395316162201437,0.0008108208443506892
1.004320217789995,0.0001737361342211362
-78.29857865848356,110.09649871140826
185.5005005395295,62.78204972331854
