popt,pcov_diag
973.3889372582996,191.8165180693493
0.9997959169588612,0.00020133973134541688
291.14197568316104,77.64682361276517
271.17324450729376,76.41889152642788
