popt,pcov_diag
0.1378001082676854,0.0009262684334247822
1.004817159757585,0.0002083485803950151
116.08801978674822,119.17866813727144
104.46372497396173,70.73481528266369
