popt,pcov_diag
0.1390448193011275,0.0007574406080552117
4.647491776501778,0.09232470046438915
83.95266333836808,0.5033433831268159
1.0035056166609961,0.00011983958439729584
174.21237744376322,63.18375434898723
235.94127050575855,38.16251963591287
