popt,pcov_diag
0.13415579923119478,0.0009445083040504008
1.0029709062448504,0.000313187866617115
513.9442183575112,113.61771538535572
436.1735723993778,441.2126612041171
