popt,pcov_diag
1016.7685134064455,251.24175686078274
0.9997939228334196,0.00024043691157346877
335.6175336759092,102.81376167944225
199.7150328470613,67.53072863863193
