popt,pcov_diag
1195.2144273667109,209.46992690028915
0.9995965778280088,0.00018473515713684404
62.07181652493929,86.91017218141056
559.422329624143,263.2280671883557
