popt,pcov_diag
805.5639944693095,208.82307535036634
0.9998557111640353,0.00020083406198534301
-294.7368716503308,109.15083526754657
461.222068945486,219.91295562898875
