popt,pcov_diag
935.0292705885599,176.61181337809404
0.9999630269280062,0.00016028372687766938
-157.99260253991548,83.51070062385894
248.1662602926978,48.293876487597046
