popt,pcov_diag
1851.3263983256534,inf
0.9992878107800729,inf
-91.64390258185117,inf
1789.738333110661,inf
