popt,pcov_diag
602.6307926004913,inf
0.9996449434942757,inf
149.43758437947815,inf
1211.4217813107546,inf
