popt,pcov_diag
758.9391074018779,260.4281192890925
1.0001523360433378,0.0002463399182632609
216.49144209378218,109.15727144546632
141.96495630911497,71.39441543658236
