popt,pcov_diag
1035.634039219427,200.159177314094
0.9997193077432254,0.00022473167138727814
527.058098511672,76.33030621765057
339.82052403361513,135.22134414734256
