popt,pcov_diag
1009.0611889822655,228.3146997912287
0.9999229133656138,0.00021920173536171876
144.93619358941206,86.98196716403284
153.99464566082585,58.566200404569514
