popt,pcov_diag
1199.7307662057244,258.07228394626884
1.000446822827049,0.000667037782048885
-0.002223843934642821,0.0028373788859678444
8.969585173491159e-21,253.35936084816376
177.86537761772712,125.03104622689118
28.85378735534737,26.864640251033766
0.03139322224107461,14.5747893720814
