popt,pcov_diag
0.14802072922584197,0.0015699648157851906
1.004266424365683,0.0008077744770204734
0.012519903984765084,0.005206936054839527
59.755573837261565,361.2714364518532
2.6738864409082293e-06,149.61624085744992
8.993307658558546e-09,37.26402293213808
7.893284167826565,17.93459185941889
