popt,pcov_diag
1287.6906467670203,241.6296162315927
1.0000172429480154,0.0006547391335743671
0.0009169552965729346,0.002644998005705984
7.939624677798427e-13,268.96966656242716
174.75560971061915,124.0285773606018
5.37899755729339e-12,28.551218467701986
12.673996459801232,14.78691028693815
