popt,pcov_diag
0.14449349945942824,0.0015113402632180354
-39983.46230086628,7193.1881451519575
0.016280648439487854,0.0029288815795722577
462.68262341149114,138.96456921352967
83.24218791206937,78.61131283660947
