popt,pcov_diag
0.14306179204982136,0.002460455596029029
-88184.76546232625,12471.86243898929
0.03590698355410396,0.005078222250932205
59.93548476615019,154.11403915912007
-610.2015044112361,112.72168597851753
