popt,pcov_diag
0.14226213301500784,0.0008351566402530431
1.002796556225591,0.0002015693818006514
0.012546192105561562,0.001979473244878977
259.00273070272027,133.3326231962635
2.8427087036452716e-13,69.77251321954844
20.739782341797053,29.76705599753591
49.40495441235931,16.55356118576927
