popt,pcov_diag
1334.0927108139338,213.98173190240627
0.9989080869247582,0.0003543220969613911
0.005101127193283936,0.001560834917556117
628.9498110587739,91.15971592930784
435.24080570737397,233.16478444757908
