popt,pcov_diag
0.13844356464854699,0.0018119980862673511
1.0029747845028323,0.00034116338783975273
0.008385317991021591,0.003814604512826861
543.823373749375,117.06330256855233
320.16501645579933,187.56072019686144
