popt,pcov_diag
0.13821150820911457,0.002271832656633802
1.0024622939473804,0.0004337505553370826
0.01075635927908458,0.004244199823834223
785.3637896632132,132.2817079278344
645.4330243833404,888.1236793297367
