popt,pcov_diag
867.9576230806837,274.03367128154616
0.9996731247642366,0.00037561694945837114
0.0028759227255229377,0.0018601542877441258
-31.087220882789527,105.9215318103163
185.47667579165906,59.57839504735646
