popt,pcov_diag
876.9588044044916,234.40362432786335
0.9994232140960627,0.00033436680670265927
0.0027842564707715534,0.0015930715529691802
475.27592080983857,103.04932848915348
154.41674176026908,59.32410653876621
