popt,pcov_diag
1365.7545572566492,251.78517758337782
0.9987624750447831,0.00033375831654172444
0.007758720140080985,0.0016202745642201423
-411.96810498979926,99.58960911703588
258.7959079380346,77.24715657403442
