popt,pcov_diag
0.14244521003882382,0.0014183769644524398
1.0032027735387947,0.0002639385151701403
0.014529940334600701,0.002993571677318948
441.4037773834883,111.27462743070475
57.509494511430425,60.83364933915507
