popt,pcov_diag
1179.9201023446988,401.4101691701658
1.0020750266689973,0.0005267565300244586
-0.00755244143525614,0.002452039493873209
-353.60072521634163,166.35436553479582
-311.0159432682274,88.71499749667309
