popt,pcov_diag
0.14209817434251099,0.0008149428061676796
1.0029046318233692,0.00020415474647170504
0.013110690816736196,0.0019598451510786583
287.8546593843522,124.21416619003743
9.53180522600901e-09,64.51314095689808
16.24167434664751,25.77379289732403
43.729722039807285,14.314894649392107
