popt,pcov_diag
1165.1848201605103,362.69014252027404
0.9986744259834903,0.0004835846802574396
0.008654584511576684,0.0025058717681036005
-33.46050356872588,101.16206713899672
152.3807931370457,56.08664776886535
