popt,pcov_diag
1151.689409268556,350.5608256964136
1.000460368061932,0.0008151511742290357
-0.0009163582951656873,0.003634521219797944
3.387671868147101e-16,286.12533642264515
117.44297422572063,120.57346094709862
6.27411273081998,29.928606950618043
31.82450241040016,14.688104610049853
