popt,pcov_diag
1963.2640179238451,641.1672662784105
0.9996349545240787,0.0007750300551049578
-0.004094037722181531,0.0039075984739448556
192.95297191144826,133.5362709936568
1003.1272442323569,748.3053151534419
