popt,pcov_diag
1701.3121297325388,inf
0.9994926125462417,inf
-0.0009780072196256618,inf
-13.059344404938507,inf
1369.5378088867847,inf
