popt,pcov_diag
1030.1483442571748,inf
0.9990152570424076,inf
0.003676886896882155,inf
116.59581720949159,inf
1659.250805024662,inf
