popt,pcov_diag
717.4864765776882,377.50937709208904
0.9997886281551186,0.0005248017224847845
0.0005688496416124256,0.0030558165254203342
279.07370890774285,105.45220843811408
336.3416041419206,327.4409842140808
