popt,pcov_diag
1349.5919337539772,inf
0.9991644931808836,inf
0.002315807608634546,inf
73.2480810654589,inf
1222.4588633171397,inf
