popt,pcov_diag
1621.173920294877,374.91218152627715
0.9999683767165563,0.0008419701964403058
-8.679454519188572e-06,0.0037927621696363044
7.900350980600197e-16,248.85438969016997
217.86374194698064,107.17387875802193
10.825616802489659,23.92699832437776
13.23494066173533,12.214532373347929
