popt,pcov_diag
987.5692531757442,250.8060590328823
0.9997514568886445,0.0003610725100430444
0.000569952104364925,0.0017189749810331853
290.4590546687823,108.38966583941344
184.43154366782323,62.21697877532466
