popt,pcov_diag
0.1424452010485638,0.0014183790702595792
1.0032027825424357,0.0002639388957845192
0.01452989737692088,0.0029935894993639023
441.3985978096922,111.27415259805434
57.50765165632219,60.83435105537196
