popt,pcov_diag
0.14302988821513504,0.001138091285965667
1.002832066392199,0.0002131770560480198
0.011407562941545737,0.0024145836935425677
179.10258133810123,90.14082873670671
76.93025321412927,49.29280323629584
