popt,pcov_diag
440.5669611445261,inf
1.0004335797975392,inf
-0.003664159409342011,inf
-173.31915073311137,inf
1897.1611448020726,inf
