popt,pcov_diag
1514.5160579441292,438.03697988914473
0.9992232374877825,0.0005895885180825631
0.0027657641202023906,0.002930626575026562
-33.726424251120086,119.63207729217842
653.0861826529242,426.1456072391605
