popt,pcov_diag
882.5982364903906,546.9090293774279
1.0008839561757996,0.0008380064371784795
0.004067909243349827,0.004141139108651688
408.81811181174845,162.96256153853233
-695.5089032049698,117.89030237284848
