popt,pcov_diag
1116.9321428413216,inf
0.9991825438677288,inf
0.00182239408259456,inf
636.4617135547601,inf
2229.668647646804,inf
