popt,pcov_diag
0.14314509557336239,0.002871363680980383
1.0055732623496476,0.0006022192638331668
0.03612167884867278,0.006452410026766818
63.309044279965185,167.26820115231277
-610.8982548530676,114.23409764672725
