popt,pcov_diag
876.9527373849423,234.40173007006112
0.9994232294238803,0.0003343666113174883
0.0027842295144796247,0.0015930608282673862
475.2706491154476,103.0496683422118
154.41236258128345,59.32448287286107
