popt,pcov_diag
0.13844399095722884,0.0018119931221676655
1.0029748995650014,0.00034116626605018607
0.008385483690595542,0.0038146182297532387
543.7905538157256,117.06354810616124
320.1650204970523,187.5597679684124
