popt,pcov_diag
1385.8479651383016,230.33532090746962
0.9985863565051784,0.00032547254855202817
0.00977114187452567,0.001608806291499211
32.78775281630612,89.6452368357717
136.62438725705863,50.186410959221945
