popt,pcov_diag
0.14437036314771712,0.001298560424213126
1.003505291089703,0.00024526379895768437
0.015052299592547433,0.002779908127865714
325.8676965508146,103.62374674256328
-21.68218454520506,56.57526641842257
