popt,pcov_diag
1334.092518796573,213.98229871592204
0.998908076856138,0.00035432445269571966
0.005101179793949888,0.0015608252366031475
628.9531747956985,91.15982130924806
435.244311254896,233.16983932272768
