popt,pcov_diag
1449.9603785750933,213.87006079273587
0.9983917897999949,0.00030207211690873504
0.010143965809765534,0.0014925568235812196
-8.66148753407609,83.54568707298087
229.2889853318189,46.808686926148084
