popt,pcov_diag
661.0548722631775,182.84219317230674
1.0001833246438503,0.0001667122596160062
-292.96468763140723,96.05561789470445
163.8956007793603,50.81613278260662
