popt,pcov_diag
463.1422265055609,230.45387449860476
1.0001276149649276,0.00021638989664320705
510.0855288916256,97.86982360702945
120.38214231940047,63.84072928009898
