popt,pcov_diag
585.5403036985372,268.49543180323695
0.9999270850932845,0.00034776727927293406
-48.22911037511756,118.0281457894811
343.3373184609449,273.31688491905186
