popt,pcov_diag
1000.9447899932521,282.7480390811023
0.9996536893455256,0.00016475378996875863
-81.4789317249721,107.83980479492078
892.2814120321565,501.79684742300617
