popt,pcov_diag
0.1379856156721889,0.0009477641105512917
1.0039398799821642,0.00021285646075946247
13.789179085687433,124.0277512479953
56.98531798045038,73.71570738007901
