popt,pcov_diag
138.58150562588474,213.7194717589586
1.0002729166968818,0.0001828561901446206
-139.97575393783984,104.80874441846085
208.90042446728222,58.594135743265156
