popt,pcov_diag
0.14188056740143556,0.0007682628366290728
1.004293814004849,0.00016654811921466302
-98.96256727454707,108.00204640093573
150.56315432424483,61.58537054757528
