popt,pcov_diag
938.2553732448453,217.38171438838623
1.0002125912614361,0.00019557983538752403
-104.43451544742872,104.03729157375865
158.71439835556978,60.62590888454578
