popt,pcov_diag
0.13845308657513478,0.0011657233654069016
1.0037460172499792,0.00029051007694009796
242.46752892923692,146.8068573915613
257.8801092632215,164.87616702603157
