popt,pcov_diag
742.5112651294146,209.4880114660922
0.999805491555904,0.0001967780655582289
499.73719076154015,88.47708082636798
195.41248248791658,57.802613797457944
