popt,pcov_diag
0.1339078221995196,0.0010760032732619342
1.0034966691310028,0.00028991721535818826
200.91074057642152,124.48504052669414
310.9457273834147,176.72185734935152
