popt,pcov_diag
701.4438754631454,206.72779673950367
1.0000687662879122,0.0001901047522107263
-441.7359167835957,110.60144146152447
241.55696745588799,55.767616023801075
