popt,pcov_diag
924.3953885355866,246.09295341803056
1.000256136599284,0.0002282996556175752
-204.5696422411495,115.5123408361924
194.3041782652312,60.57560449735702
