popt,pcov_diag
289.03350963093175,239.46405412884894
1.0003201264303319,0.000215569321246951
-191.545209730278,115.86106765019842
248.11216589418294,67.28868116358134
