popt,pcov_diag
898.3326990951101,inf
0.9996534922053203,inf
109.96781044419026,inf
1180.6754348970248,inf
