Optimal Values,Estimated Covariance
0.14415407021963528,0.0014114600238664095
1.0033676425476723,0.0007004761024150337
0.01276039357579553,0.004544291880867909
263.21432835842285,277.7551290422617
2.4494379678772796e-09,115.78852168300155
1.6303107877073502e-10,26.294051180483688
12.438097305716216,12.89424351908623
