Optimal Values,Estimated Covariance
0.13865262088077812,0.0017003591009142427
1.0037073353796755,0.0008131059277984258
0.007554243516117612,0.0052851193078645746
1.0791391163811695e-08,322.46218000216555
4.309080571207111e-15,134.5313510831312
52.53210639371492,30.533199954694826
38.189658757504446,14.964089470649835
