Optimal Values,Estimated Covariance
0.14414440252356747,0.0016393552820203924
1.0026666616757929,0.0008137083831960975
0.016822920328883512,0.005279907590309656
469.0108107927733,323.01719339821796
1.1581659976126788e-14,134.3929527062918
8.818603508447548,30.56285815763608
13.636682540852378,14.972582875970804
