Optimal Values,Estimated Covariance
0.14752933499054052,0.0014103139906033975
1.003883389476888,0.0007164805786194333
0.017514502721894885,0.004645617740527826
191.21152613490597,283.83390150811266
2.4697517438614663e-15,118.18559186075832
2.1293891496712383e-11,26.86910321582557
13.758894578649125,13.156924328143091
