Optimal Values,Estimated Covariance
-1252.2106156068025,15494648.909521466
1.0026440517288806,15.55508411952697
-0.0008962647453788912,0.014311494982330916
150.9460543944725,291.7511270986581
2.309278478698752e-12,126.42416173324926
32.643445051101295,28.220628204465115
26.63298681365168,14.169371714510719
