Optimal Values,Estimated Covariance
0.1424981026195206,0.0017555576385632344
1.0031557053199778,0.000861593533523569
0.014712254930068395,0.0055960626248488885
396.454684907271,341.8787214386677
6.687684952674134e-12,142.57175381167016
2.4440374410580963e-12,32.357353886560155
21.447001983124565,15.864401477846691
