Optimal Values,Estimated Covariance
0.1443543661262942,0.0026425031575935403
1.0037705274851818,0.00032359142169180005
0.01963706413077255,0.006574273897989004
