Optimal Values,Estimated Covariance
0.1381598337272988,0.0019714890438056877
1.002679734091911,0.00023171507709687355
0.01153343141377226,0.004696023263298945
