Optimal Values,Estimated Covariance
0.14370933701974647,0.0021805087673921245
1.002644503179043,0.00026549740599687594
0.016874746101964776,0.005393352439879803
