Optimal Values,Estimated Covariance
0.14636538486823744,0.0026391705304606708
1.002950013019339,0.00032663710716669626
0.0228035976554956,0.0066488468309295065
