Optimal Values,Estimated Covariance
0.1435357387452778,0.0022655765270132174
1.0024598313675919,0.00027552454629279564
0.01930423516873214,0.005598246660457774
