Optimal Values,Estimated Covariance
0.14632819643631262,0.0027096532846416464
1.0026489187326313,0.00033547424838877384
0.024976416355138104,0.006824829769128975
