Optimal Values,Estimated Covariance
0.14240728934761238,0.0022191158842983618
1.0027439338552286,0.00026809570194481346
0.018975897103181885,0.00544398363550949
