Optimal Values,Estimated Covariance
0.1472258741848872,0.0021766434318623903
1.0033381656288005,0.0002711636455546716
0.022713705110326752,0.005516458476368395
