Optimal Values,Estimated Covariance
6396.331340234351,152757436.98786858
0.9954044341229362,151.0565342386813
-0.012342694294367688,1.872886722554231
