popt,pcov_diag
1063.623710280396,209.0586998230855
0.9994893422283716,0.0003161129634071072
0.0015824489869927262,0.00148778423429435
391.6021461380677,90.10233975958552
299.0906877744564,130.3198943241519
