popt,pcov_diag
1321.1075982205007,490.50131361455385
0.9993779207937621,0.0012772619137257932
0.004499686953914682,0.0053967674048751215
4.825040475564853e-12,490.71916779376437
181.4994986579155,195.8467992680801
5.873622270168341e-13,48.126129314050125
2.383152390880689e-12,22.4905416592696
