popt,pcov_diag
1476.3578292445254,234.16035155704657
0.9981404169166089,0.00038202114687307996
0.014038393051759,0.0017989192250265364
1.6007952279296175e-12,212.42788565803855
75.42829201544522,117.4187811611148
19.437329769200517,50.60709148721793
44.49369364396987,28.976785100226177
