popt,pcov_diag
1561.5337417883027,316.8975039970179
0.9997633494303975,0.0007432775659872299
0.004506378151056019,0.0031009418948124263
5.74191794693637e-13,224.155902878626
103.3721192374549,111.46377335865556
3.074500713819499e-13,22.809986189888228
25.952803771963705,12.729591891501197
