popt,pcov_diag
110.14460132591867,360.9328819483994
1.0008877010351727,0.0008977242469476657
-0.0017939445886268745,0.0038775039536296436
3.787477191195734e-09,359.8267857947275
152.55582556689527,147.27532212627406
8.855059464006089e-10,38.448538405626365
4.046884527177529,18.245190604550782
