popt,pcov_diag
1550.5021205250155,301.25392603262696
0.998835432224333,0.000490796080362297
0.0068854397634895885,0.002290997967236172
0.0002072609176039906,175.273378803348
256.7141688581588,101.19148648443122
7.557782097059836e-06,38.113586680093285
28.093843701663715,21.375182605551203
