popt,pcov_diag
1253.9438778128947,233.62876266756058
0.9992794669694713,0.00038384223031546507
0.004076524750610094,0.0017995085507475541
8.559775430938411e-09,198.65903311854026
240.04500926807304,110.04793927016283
1.1675172095395762e-07,45.81344779539748
10.250303652397797,26.363360242182097
