popt,pcov_diag
0.14303000211948635,0.0011380938390028509
1.0028320580137855,0.00021317711007766353
0.011407818083238198,0.0024145861358160167
179.10361916665622,90.14111780884932
76.92431241355615,49.29277551070653
