popt,pcov_diag
1116.9136831907842,inf
0.9991825800453685,inf
0.0018222051411509231,inf
636.4574634760093,inf
2229.7045730268883,inf
