popt,pcov_diag
642.0226991522976,413.5926332591103
1.0002450376086187,0.0006311762010113115
-0.0005051700193704415,0.0032294746739780947
3.059278491071484e-12,259.62505846926484
181.06693113154756,136.03113766765776
88.78870039939476,60.13692844544285
38.85989939062543,33.39451196877533
