popt,pcov_diag
641.7822887722979,332.153792866482
1.000400884094372,0.000977706909248841
0.0006244911280170567,0.003828187707616948
2.6326963809813942e-11,410.1112322238596
73.15974151833845,183.52055427963768
2.4216913201999848e-11,40.9444962103341
31.738373887881725,20.623737117404655
