popt,pcov_diag
694.8976267135222,260.89694597522873
1.0007244177293833,0.0007811776484616704
0.00011211011903151577,0.0032514053501386453
9.279581203127069e-15,371.55384963301094
3.9630605700401766e-10,169.36180556087314
69.03794569667066,40.791485476447384
17.97781155916902,20.401533598495522
