popt,pcov_diag
934.7101749462646,528.1475273659426
0.9985141815674788,0.0008327178601277183
0.013047732627918094,0.0042362980529316325
6.920123337878195e-10,383.86537710493366
2.5293953350061753e-10,197.20357747044156
7.841440615140028e-11,87.59793565629784
4.380693549408516,47.80164950623852
