popt,pcov_diag
927.7117063469069,255.89292010045205
1.0004643901412955,0.0007430164131154042
0.000858778283793268,0.0031134676167517013
9.981905961216597e-16,346.89459666573043
2.1764033980797457,160.99835549082437
56.76682734906016,38.24838235216606
18.22766659210085,19.508035723631124
