popt,pcov_diag
0.14269176635857098,0.0012938983887475569
1.002780743513462,0.0003187823239701083
0.010545793893188136,0.003099058916494979
153.94807929219033,235.6121063994032
1.1810802006837722e-10,122.00164355660019
1.3595959038296896e-11,54.19926181940026
28.44489904293518,29.71029881797562
