popt,pcov_diag
2159.0280747112156,405.7873817559815
0.9992511897926671,0.0006292510559409795
0.001976871417775211,0.0031886003483775293
2.3985745895273712e-11,194.203148016513
219.0292660594161,102.10820659496382
2.9174192691448085e-10,38.9693433200194
48.151793261548285,21.978375583204475
