popt,pcov_diag
1000.8655075732407,209.6617628805023
1.0007435293526845,0.0005817407491145814
-0.0005423007620784657,0.002455496118934931
2.822513933341573e-14,241.42005425336203
2.9465570362434952e-08,114.68388682778856
35.40385360285053,25.42799228689426
38.248161518548955,13.305205197312882
