popt,pcov_diag
122.32624303478063,366.90702136832397
1.00022386820199,0.000570749897522902
0.0018315830471978358,0.0029126668378912078
1.410521327051327e-10,257.4546259709101
35.728001022087454,133.9713040137289
3.157560379123503e-09,60.28822296444915
34.46799806502103,33.19699000730178
