popt,pcov_diag
619.6656268818356,243.80928373280395
1.0012005602241085,0.0007138132939358882
-0.003945143747950016,0.002997208539073322
0.12860977872754012,333.34187616998696
1.1648515999817315,154.45468794886102
49.510555772826784,36.605121526685515
27.54137740611256,18.611326800573657
