popt,pcov_diag
257.0852458112059,347.50488150385905
1.0001571484244594,0.00044418295974462936
0.0027756590934337384,0.00230985632167603
-345.72721283430457,106.88232079232843
69.18907311767694,55.37499352840593
