popt,pcov_diag
0.14578106398172488,0.0013666888856148905
1.003628274436849,0.0002636400607215474
0.009143061315157656,0.0029695692155145966
16.81029296237549,107.31907328107265
117.62947942063468,58.6182530321988
