popt,pcov_diag
782.9416535900525,222.92012759173497
0.9997498208893031,0.00031828548760096223
0.0026741628174518028,0.0015177471231916963
322.33527048537246,97.69104116100256
-4.38251893360254,56.149628682830794
