popt,pcov_diag
925.2862324224864,242.03360324296355
0.9997530503453996,0.0004021451101229408
0.001949445867458505,0.001869115829920675
7.88416489613757e-13,243.91359373332196
77.91453338719519,137.45140015926629
144.43730267638915,58.34605682092776
15.774043001104015,33.405592373558754
