popt,pcov_diag
1452.9157053549789,280.280034753439
0.9995804623117497,0.0003818538050210353
0.0023953216353898117,0.0018497504345399735
-151.06265491040674,100.72424296381759
257.2214359105454,65.29899715881187
