popt,pcov_diag
0.1374069861226712,0.0018489192908917223
1.003142282963339,0.0004111059449945693
0.008183147596873127,0.00415396044318047
246.71047775077534,229.23886894976079
5.847115622572531e-12,122.16125198328953
25.356470714310213,50.50226359440102
121.83179773090535,28.523667912953556
