popt,pcov_diag
1724.858482945179,433.54790987920256
0.9987948437727375,0.0006629906579019616
0.006407494706610874,0.0033821864705306137
3.2843843355749975e-16,240.1887508853753
174.15189356129918,126.70809606070348
2.36466840192679e-10,52.681443670470344
39.25683697664341,29.51212128389335
