popt,pcov_diag
1337.6755362348895,367.35065082217324
0.9995698090320146,0.0009785969372334013
-0.0023762236830916677,0.0038229520182615647
1.8981415535160878e-21,395.3353828962898
499.9999999972422,226.05817166993805
30.845844289968444,42.21976284656981
2.2422232878143844,7.7798345231863335
