popt,pcov_diag
0.14469427210188995,0.0017844037637667948
1.0045814339063426,0.0009698506653901633
0.013907744372051795,0.006000088809849121
124.44665595599021,459.021792636373
4.462717460451071e-07,184.46972899391145
25.096928914032596,47.538313674315006
3.5462294574448814,22.086701421320097
