popt,pcov_diag
1007.11715781303,514.8621174971202
0.9991830018475912,0.0013048955578183442
0.009507697441624578,0.0055882058160494725
2.3220055426517677e-14,521.2734916358689
86.01787371286329,211.15394062409234
3.889904874973268e-14,54.07088918413776
1.5919377849200097e-10,25.46948717118908
