popt,pcov_diag
1447.9133752602618,365.71259251998487
0.9990307080687039,0.0008795541448308729
0.008026277310136937,0.0038638752640533145
2.8115077987619398e-11,342.9683577768925
133.34488940498616,142.20738633281212
1.7006154155064708,36.994338693755694
4.633260513567106,17.75943671490166
