popt,pcov_diag
1514.6229079631535,438.04013471484825
0.9992231370911747,0.0005896007131644909
0.002766474852455416,0.002930683144177719
-33.70675956150567,119.64756741278632
652.8985166312913,426.16129980268977
