popt,pcov_diag
0.14275179485751197,0.001698807777950556
1.0043193475139005,0.00042530056525690263
0.012162678475537068,0.0040986327051600385
2.5179487602381388e-05,312.53430655107854
6.743351269351483e-17,161.82370794704394
82.73555251926793,70.85520168354812
6.953161758512342,39.004177073549116
