popt,pcov_diag
2131.601848250956,408.6479682185269
1.0000342635639259,0.0009108170707248117
-0.0014741441901212468,0.004103696733183683
4.5805076226192224e-12,245.20296011989953
196.22712528181728,106.21635509708544
2.8458758418291682e-11,22.32185691396517
22.411004555900828,11.553357599296293
