popt,pcov_diag
574.7256910956011,212.62376686223445
1.000002990990167,0.00030346575349491685
0.00031306289941584916,0.0014466983203063576
593.5752938725061,93.0480009360898
204.61733942905974,53.5122968260837
