popt,pcov_diag
1216.8794910054085,472.35936331529746
0.9986124127430465,0.0007548890617275748
0.009271366042868965,0.0038313470902029533
6.083765237716989e-14,341.19513983261226
83.15034211302331,174.21104741673952
1.1674095800031267e-14,74.46378483705233
1.1274226176564545e-10,40.62940617551824
