popt,pcov_diag
882.8250122506429,292.5916757714515
1.000689631693047,0.0008942751448568646
0.0004968715840167985,0.003685187768683445
1.0068239074321372e-16,411.0911817995158
2.243278815431001e-07,187.00339462667716
39.53717905824963,43.605617736433416
21.33076977624782,21.863135118754975
