popt,pcov_diag
0.1423766953420656,0.0015375354095016522
1.0026027586621338,0.00037944888686469594
0.013024126269584501,0.003682336540123231
198.54085495727708,288.5721657409431
2.7837007917134136e-07,149.85760187615432
67.56816482591267,66.7963871429763
26.443724719939667,36.73940784806161
