popt,pcov_diag
1476.4649647625138,371.30691021590565
0.9982849789259178,0.0005703567449673676
0.011527638488743974,0.0029133842145721263
9.159225368029362e-13,248.15253132322337
100.02524753477103,128.87790076469008
17.016294622299906,58.17810553879123
10.604975206619812,32.02623317200757
