popt,pcov_diag
0.1461920467567968,0.001809221098840936
1.003072618816507,0.0009677197892999385
0.018475275980837626,0.006065750309190442
331.2417212630711,463.3407302700902
1.7537228393545682e-09,187.53069921979707
1.656634901276288e-15,48.82791150231138
7.102249259399085e-09,22.85984653825694
