popt,pcov_diag
0.1462993361528592,0.0021166806424186995
1.0027444451186471,0.0011666951047723283
0.019435035120977655,0.007192080110352715
499.9999996886834,528.7716822072078
2.9128540744328126e-12,212.44729787371975
3.175801362968541e-11,52.39557207888414
26.82307018793587,24.42238415713972
