popt,pcov_diag
1252.6182024074176,211.90912365062442
0.9993895516843435,0.0002890409592513984
0.0024491719547128877,0.0014285283052829084
-137.48743650750885,79.2946963301438
303.99570892565265,154.96976596701313
