popt,pcov_diag
0.14564183285991497,0.001472147045074205
1.0034807743714944,0.00036685756865349577
0.014265634813506034,0.0035818755092204063
54.53395283172199,244.24775652388792
7.81053445472463e-08,127.41969490218486
21.13165826641867,54.244802940918994
37.20544167139558,30.055972508161844
