popt,pcov_diag
1385.8491401231595,230.3330422172483
0.9985863415116228,0.00032547805255412905
0.009771220743759962,0.0016088264539744638
32.79752924079261,89.64634791660563
136.62461717047066,50.18640573022545
