popt,pcov_diag
0.14084777983652283,0.0016854949047571824
1.0029322950509458,0.00039205414735951215
0.011822261351729408,0.00391304647455065
398.22926625346815,238.8025430923125
6.75568374733172e-08,126.5655764455216
2.256515500765773,53.174584773850725
56.29536016715136,29.899317985020655
