popt,pcov_diag
1349.5502540702596,380.21053764893634
0.9988446455880552,0.0005854563725260659
0.004276679233100255,0.0028800568888875545
3.05571858082871e-13,273.0301351904863
499.99999999008554,447.8005108846922
83.46282807573938,62.715030689464584
5.880620327693133,15.204162989707388
