popt,pcov_diag
919.1612931897366,287.29568654690263
1.0001771972910452,0.000470700026590948
0.0011488407338806174,0.002224194393080674
1.3524732159785898e-13,263.0400350744825
1.157551404741064e-15,144.31366926743448
1.258013237702212e-11,62.42265902713137
53.171029444278,35.579041329931776
