popt,pcov_diag
1566.6836844692118,278.68842253130623
0.999081742466769,0.000740534849854152
0.007775927251597394,0.003003954573907336
5.887389054446774e-11,289.62188403155335
126.74894340424822,134.76492360575946
5.334427632153862e-13,30.294522636121304
16.430493392543724,15.865533726029208
