popt,pcov_diag
0.14625650758385084,0.0014843855693069804
1.003663446726929,0.00037450828010860153
0.01019080728505218,0.0036383355702240185
8.273955360987047e-07,260.21345547812297
27.52881639234128,135.07008325969989
18.375588942993826,58.38519634056199
20.070834104795903,32.166642169846654
