popt,pcov_diag
1643.6961941667882,371.2936992733233
0.9992065542547182,0.0006092225526705031
0.0020087697892957612,0.002862303513202048
9.499244239731956e-14,215.11524539211916
499.99999999242743,329.3173512309215
40.387466896827114,43.19863894707036
13.925392156524754,12.360514953281394
