popt,pcov_diag
656.8095235932359,253.25863062632368
1.0000650037935348,0.0003382576777851398
0.0007273712350812873,0.0016745255677531076
-142.58460754847763,96.65513498901417
184.9638676853659,54.24001775342671
