popt,pcov_diag
1179.912571281025,401.4079071158224
1.0020750387020518,0.0005267589110535818
-0.007552462637707403,0.002452053348084066
-353.59950455970204,166.3542376003187
-311.0187385684214,88.71523463499223
