popt,pcov_diag
619.4877627066893,318.34637744464436
-1506.1945387411927,5936.321631357329
0.0006136876807142214,0.00241710510397728
-40.92435912099331,121.22124508399557
335.4588898323763,309.60076980173693
