popt,pcov_diag
1496.9174518794825,311.08257057821123
-27505.89399331917,4765.23900670985
0.011200131789920367,0.0019402883011894656
-31.361279911240693,97.06480733194672
131.28019241461624,55.31143225493858
