popt,pcov_diag
256.669201027642,347.498234710779
1.0001576377949952,0.0004441825473046132
0.002773225765385898,0.002309871084585375
-345.7155872014712,106.88283293594806
69.20909835223034,55.37492493118534
