popt,pcov_diag
867.8209621277479,274.034842397311
0.9996732362663197,0.00037561591027401067
0.0028757704732114537,0.0018601172328365292
-31.098029429887863,105.91839867315163
185.47029570382085,59.57905183390961
