popt,pcov_diag
1554.548872144874,423.61822745654507
-9148.096274798236,6780.268720199203
0.0037252871316840372,0.002760758909308825
140.66990882470074,100.59970846536649
694.376346246043,445.45698770204655
