popt,pcov_diag
1266.6932569925043,223.73063967845076
-8258.253948128862,3570.665689804355
0.0033629384874021393,0.001453875746126467
-101.3330564235425,85.05905415700657
246.36180824218644,47.51224239940791
