popt,pcov_diag
1566.7731849303898,351.0841909118621
-33497.286320360196,8087.437199161372
0.01363957066197656,0.0032929795089136054
42.81577170366624,113.8153807461745
212.40048476744832,50.73745918392596
