popt,pcov_diag
0.1339226837928436,nan
-69.72516569474239,nan
2.879889592409922e-05,nan
201.3881668789585,119.42512695267516
311.3550518626663,169.92676637063934
