popt,pcov_diag
199.79869213102998,303.9116235980985
-69.71050643457609,5906.137043182277
2.879149869495053e-05,0.0024048147475502733
-29.34201208032651,115.4345009199534
218.6539338540564,61.90629424600001
