popt,pcov_diag
0.1382115329448807,0.0022718280127955255
1.0024622870573048,0.00043374996991245275
0.010756428453302195,0.004244204099329775
785.3655111768657,132.2813993227517
645.4354520502383,888.1295330474729
