popt,pcov_diag
1555.350085616452,351.37500502210406
-11261.661787234829,6717.604517494536
0.0045858426383709565,0.0027352217109177343
-236.5108944109305,114.49180012122261
271.1423095811923,77.89505189349504
