popt,pcov_diag
635.4149802934043,488.2674817106204
-69.7106843466707,10192.193020805578
2.8791656435130244e-05,0.004150010769327395
285.0387697684718,121.59070236577206
332.09298055025243,352.0602692042776
