popt,pcov_diag
1515.471176363217,218.23391377958185
-20508.24640390895,2984.2509208908655
0.008350794771645477,0.0012151039698469212
-359.0223456725667,91.91594729837094
215.47086305330225,49.619291138231105
