popt,pcov_diag
967.334499628453,259.01082338693277
-70.43467064230023,3639.3046312633337
2.9086295537759242e-05,0.0014818236196629
-109.26074981571466,106.40750639766607
167.6003257614512,60.99366671013383
