popt,pcov_diag
826.5518641498747,263.5235517269474
7604.905604441191,3739.2873217213983
-0.003096110369415116,0.001522539408852267
235.65761778093093,112.58567811146013
207.9508261317589,66.8945886464208
