popt,pcov_diag
589.0861611720906,inf
-69.71266943319108,inf
2.879232811016196e-05,inf
147.3666312295516,inf
1323.921132520341,inf
