popt,pcov_diag
692.4043548981919,269.91446986806505
-8623.701796241958,5419.725524782425
0.0035117516955534634,0.0022067696302739285
613.2650210361356,118.96100397913399
113.87374771226585,62.622227434296214
