popt,pcov_diag
0.1402677837027285,nan
-24019.283422248507,nan
0.009780444367141913,nan
402.6414933908951,nan
176.0920085191538,50.10796886070759
