popt,pcov_diag
782.9492223425627,222.88770893478028
0.9997498063742578,0.00031824523571574216
0.002674156221863499,0.0015177560983118254
322.338434018112,97.69004524800026
-4.376373543853774,56.12941177315411
