popt,pcov_diag
1212.4640314378228,450.76982135801444
-13809.721384753942,10274.815928227896
0.005623341726829942,0.0041836193059813145
-233.61647155491565,109.75351717156298
146.33936988492695,49.46417293502333
