popt,pcov_diag
1116.7264406126696,249.89715564656387
-5296.860831038266,4664.007829459612
0.0021571495170801622,0.0018990612755902646
205.43946904237623,105.26547140918234
149.68406903826593,58.5460313554132
