popt,pcov_diag
0.1456500077631399,nan
-36260.4324865077,nan
0.014764726389541662,nan
134.31769606686066,nan
94.19327308505794,54.9748046400412
