popt,pcov_diag
0.14612254201512126,nan
-25149.753643273714,nan
0.010240743123152013,nan
52.51724039676485,41.58667468694881
85.55862114036886,54.85247897978789
