popt,pcov_diag
1495.3311405228658,313.6790683436186
-15184.6151379853,5294.436159400386
0.006183160258938013,0.0021557471550275207
-126.0855808408751,110.11425855282214
181.77715538130434,58.923385568509374
