popt,pcov_diag
1378.7942502538976,231.65499422422494
-10548.360798711881,4120.262446128483
0.0042954219528675425,0.0016776624712765492
485.17722291366954,100.26034918894946
368.1854396318323,196.81436984984322
