popt,pcov_diag
0.13767136289324702,nan
-21060.54575563752,nan
0.008575722086594685,nan
633.6175935785731,81.39921214641947
280.2033301604086,93.3914704059188
