popt,pcov_diag
0.14342547365990346,0.0014939445158467526
-33701.94584755725,7638.785552172539
0.013722976476159466,0.0031103174185397662
354.2629895227289,123.62844115256891
22.7863611334597,67.19079420133716
