popt,pcov_diag
1264.1840865951058,204.56015713359744
-9311.871749621012,2858.420331258177
0.0037919562271047803,0.0011638735390733868
629.0879933438569,82.01731008913657
343.4892416825708,142.6399707118219
