popt,pcov_diag
1963.246839574332,641.001942925178
0.9996349909644621,0.0007749981753456588
-0.004094230992965357,0.003907468956834993
192.95168683032526,133.5323094016066
1003.1016218857725,731.6227341259385
