popt,pcov_diag
1138.1480425039845,358.6199125564611
-12915.138662803656,5230.883532385196
0.005259134543859677,0.002129887319516608
-476.70507013113286,132.6751838974349
127.5053090002195,67.7276271423867
