popt,pcov_diag
949.9417387888533,250.11534881188445
-9066.59187296918,4577.552063005301
0.0036920848247302086,0.0018638587638628303
448.2725739606073,110.6490368104091
119.37796110319356,63.273938896998594
