popt,pcov_diag
0.14513355074042858,0.0016680482736797428
-42838.49862386521,9027.064730433922
0.017443145908447553,0.003675589073935431
321.4372905168941,128.60657881099283
-47.24401243604932,70.77614738717652
