popt,pcov_diag
1096.896460466578,226.21938646805683
2204.0874794635442,3648.0132183102874
-0.0008970393649180656,0.0014853749921606026
301.13685139024557,97.03358251642996
225.46430914135763,56.13970934404397
