popt,pcov_diag
1473.4455521870277,nan
-9133.484942406787,nan
0.0037193377889260036,nan
-39.163283626809005,65.56148148284724
722.2770839559996,442.27225459556314
