popt,pcov_diag
676.1916793726232,403.63559136758164
0.9993030629763728,0.0005140178832396577
0.007075039232120052,0.002681942741430184
-579.5312847734807,126.43733281030609
37.188154061679285,64.03165301913673
