popt,pcov_diag
972.7055396037176,202.02385385371718
-69.71079992333705,2728.904458670971
2.8791501647250977e-05,0.001111138104190363
286.5865383395156,84.95463663557038
271.2458361416214,77.0574308640005
