popt,pcov_diag
1094.6496835494759,195.38402196820275
0.9999231047875778,0.0002809999340230038
-0.0006743893121709245,0.0013347629055833223
295.3388036151777,83.77343382018711
206.11513463487057,48.31912996829004
