popt,pcov_diag
976.107963843342,inf
-1903.7305232429426,inf
0.0007755593580427172,inf
118.77758867228216,inf
1216.8322187335978,inf
