popt,pcov_diag
0.13848270779255695,nan
-69.72501878722314,nan
2.87989377948045e-05,nan
242.97718204349684,107.55833735223642
258.01718448543147,136.07874304516838
