popt,pcov_diag
0.1426554760523619,0.0011426979944549104
-34776.211909999525,5594.214453983385
0.014160389417922527,0.002277820534480116
473.94335314612124,115.70634972633736
99.55017299598386,62.47210461719931
