popt,pcov_diag
1252.6266577449378,211.90993838734636
0.9993895321425169,0.0002890438233759084
0.002449277780340921,0.001428518465461493
-137.48221567500025,79.29557860803112
303.9969994667305,154.9658565557256
