popt,pcov_diag
1696.1156783648723,inf
3500.4900457722365,inf
-0.001424906667211231,inf
-122.69169712772931,inf
1586.6388018876687,inf
