popt,pcov_diag
909.0377546524913,282.51040858339763
-5704.4365747277225,4778.419671306434
0.002323103720543831,0.001945646767582198
282.1540185539624,125.27474306427308
137.61391230646788,71.21480954898988
