popt,pcov_diag
667.854214226895,827.0115743768205
0.9987643285259066,0.0010589307731431225
0.029143011775743913,0.0053932496111672
-425.1133286342065,231.73975609745852
-822.6858483158688,139.07148484570754
