popt,pcov_diag
660.954993535347,225.1631102635712
3245.4851738942302,3358.4976263203325
-0.0013210690701358173,0.0013674918681437962
455.1692965020584,97.62043635563715
198.67742367532722,57.83796240441384
