popt,pcov_diag
0.1424669034318271,0.0012462313707854852
-25131.7001439879,6321.595335063762
0.01023339190159105,0.002573991376592516
135.54208249623088,97.9727771663101
67.83724343506427,53.96077856878312
