popt,pcov_diag
693.6686044275307,383.3264315167199
-19522.145087966917,6107.68049780223
0.007949345508159822,0.002486897486412998
-731.8490146575209,129.470828393087
24.02494799243631,65.71461313521606
