popt,pcov_diag
20.633835827103347,323.17974205670504
-155.22399884444738,5192.650381680311
6.36107623922535e-05,0.002114319704361556
-148.4073701007935,99.6176008663772
146.6125102223864,55.642864611230564
