popt,pcov_diag
1374.4343226118951,272.7272859269055
-14681.581995417295,4685.6296958239745
0.005978338997330087,0.0019078581112413832
-204.03761590951453,108.10756819669281
386.1496654360749,209.25912669574956
