popt,pcov_diag
0.13770082852673282,0.001772498690241774
1.0027923629637534,0.000325647525616244
0.007188165836489298,0.0036657441233147706
398.54096172215054,120.77557754628916
254.0368638724273,70.02799194257828
