popt,pcov_diag
0.1361976985461553,0.0009207683109541046
1.0036215377028097,0.000207917837563722
239.49541214532178,107.98233241840057
229.0463566006879,65.11096958341932
