popt,pcov_diag
0.12550536611798346,0.003595691130470986
1.0035889422495614,0.0007193584401740862
-14.727553613449695,361.495000295609
-95.49477332978842,218.98744045660462
