popt,pcov_diag
451.08731276974663,239.17157283599403
1.0002383200267393,0.00021135958491996185
-519.501782679532,133.12341082067164
164.8057859117195,66.39967295660504
