popt,pcov_diag
-351.42569952078316,229.39478116211365
1.0007870634748057,0.0002008178626977038
-778.7105134740956,134.20365697894866
85.91769233409465,64.77228043610857
