popt,pcov_diag
-4.349581693058723,189.78610359415612
1.0004692664332537,0.00016278893336615588
-147.44248021183,95.25706353668332
146.4021143330938,53.11203154928077
