popt,pcov_diag
612.1741129078767,259.10004516694846
0.9999989328507507,0.0003352317964627302
293.0642085795615,110.11691890846822
330.87374492369577,282.2528293554551
