popt,pcov_diag
1107.1485818125034,238.64661441756627
0.9999908443471204,0.0002411148109119522
-303.8995587618511,111.53123651772046
269.30272413730984,75.83047910027142
