popt,pcov_diag
702.7656139266043,232.35575036797067
0.9999892285262885,0.00021824948781912866
341.0991381357641,98.53365803708894
124.94537842591076,64.49070893320621
