popt,pcov_diag
0.14114072764732447,0.0009164517818533249
1.0038718905905268,0.00020824692532729448
311.83015089022666,109.37475373413676
229.74193043907843,65.15149245529221
